{"cameraMode":{"drawMode":0,"name":"Shaded","section":"Shading Mode"},"sceneLighting":false,"audioPlay":false,"sceneViewState":{"showFog":true,"showMaterialUpdate":false,"showSkybox":false,"showFlares":true,"showImageEffects":true,"showParticleSystems":true},"in2DMode":false,"pivot":{"x":0.0,"y":1.6614344120025635,"z":1.1920928955078126e-7},"rotation":{"x":0.011537713930010796,"y":-0.9858517050743103,"z":-0.07676133513450623,"w":-0.14867889881134034},"size":0.8954669833183289,"orthographic":false}