{"cameraMode":{"drawMode":0,"name":"Shaded","section":"Shading Mode"},"sceneLighting":false,"audioPlay":false,"sceneViewState":{"showFog":true,"showMaterialUpdate":false,"showSkybox":false,"showFlares":true,"showImageEffects":true,"showParticleSystems":true},"in2DMode":false,"pivot":{"x":-0.3377760946750641,"y":1.8872058391571046,"z":-0.6825909614562988},"rotation":{"x":0.014914195984601975,"y":-0.9785700440406799,"z":0.07678579539060593,"w":0.19055518507957459},"size":1.2956693172454835,"orthographic":false}