{"cameraMode":{"drawMode":0,"name":"Shaded","section":"Shading Mode"},"sceneLighting":true,"audioPlay":false,"sceneViewState":{"showFog":true,"showMaterialUpdate":false,"showSkybox":false,"showFlares":true,"showImageEffects":true,"showParticleSystems":true},"in2DMode":false,"pivot":{"x":0.5734896063804627,"y":-0.17352792620658875,"z":-0.30197209119796755},"rotation":{"x":-0.10179774463176727,"y":-0.870795488357544,"z":0.2037835717201233,"w":-0.43590879440307619},"size":2.6673362255096437,"orthographic":false}