{"cameraMode":{"drawMode":0,"name":"Shaded","section":"Shading Mode"},"sceneLighting":false,"audioPlay":false,"sceneViewState":{"showFog":true,"showMaterialUpdate":false,"showSkybox":false,"showFlares":true,"showImageEffects":true,"showParticleSystems":true},"in2DMode":false,"pivot":{"x":-0.0051397476345300678,"y":1.4166395664215088,"z":-0.041719041764736179},"rotation":{"x":0.011537713930010796,"y":-0.9858517050743103,"z":-0.07676133513450623,"w":-0.14867889881134034},"size":0.29546695947647097,"orthographic":false}