{"cameraMode":{"drawMode":0,"name":"Shaded","section":"Shading Mode"},"sceneLighting":false,"audioPlay":false,"sceneViewState":{"showFog":true,"showMaterialUpdate":false,"showSkybox":false,"showFlares":true,"showImageEffects":true,"showParticleSystems":true},"in2DMode":false,"pivot":{"x":0.0,"y":1.1253080368041993,"z":-0.00008916854858398438},"rotation":{"x":-0.0006600348278880119,"y":-0.998999834060669,"z":-0.015293736942112446,"w":0.04258694499731064},"size":2.5398333072662355,"orthographic":true}