{"cameraMode":{"drawMode":0,"name":"Shaded","section":"Shading Mode"},"sceneLighting":false,"audioPlay":false,"sceneViewState":{"showFog":true,"showMaterialUpdate":false,"showSkybox":false,"showFlares":true,"showImageEffects":true,"showParticleSystems":true},"in2DMode":false,"pivot":{"x":0.0,"y":1.660785436630249,"z":1.4901161193847657e-8},"rotation":{"x":-0.08473465591669083,"y":-0.9109079241752625,"z":0.23481346666812898,"w":-0.32856234908103945},"size":0.8954669833183289,"orthographic":false}