{"cameraMode":{"drawMode":0,"name":"Shaded","section":"Shading Mode"},"sceneLighting":false,"audioPlay":false,"sceneViewState":{"showFog":true,"showMaterialUpdate":false,"showSkybox":false,"showFlares":true,"showImageEffects":true,"showParticleSystems":true},"in2DMode":false,"pivot":{"x":-0.04275195300579071,"y":1.7176764011383057,"z":-0.07580340653657913},"rotation":{"x":-0.08473465591669083,"y":-0.9109079241752625,"z":0.23481346666812898,"w":-0.32856234908103945},"size":1.1954669952392579,"orthographic":false}