{"cameraMode":{"drawMode":0,"name":"Shaded","section":"Shading Mode"},"sceneLighting":true,"audioPlay":false,"sceneViewState":{"showFog":true,"showMaterialUpdate":false,"showSkybox":true,"showFlares":true,"showImageEffects":true,"showParticleSystems":true},"in2DMode":false,"pivot":{"x":-9.270621299743653,"y":2.8654234409332277,"z":18.14215660095215},"rotation":{"x":0.12270373106002808,"y":0.49232053756713869,"z":-0.07034172862768173,"w":0.8588707447052002},"size":3.536947727203369,"orthographic":false}