{"cameraMode":{"drawMode":0,"name":"Shaded","section":"Shading Mode"},"sceneLighting":false,"audioPlay":false,"sceneViewState":{"showFog":true,"showMaterialUpdate":false,"showSkybox":false,"showFlares":true,"showImageEffects":true,"showParticleSystems":true},"in2DMode":false,"pivot":{"x":-0.005143165588378906,"y":2.39969801902771,"z":7.611549377441406},"rotation":{"x":-0.2510588467121124,"y":0.2048625349998474,"z":-0.05445616692304611,"w":-0.9444772601127625},"size":3.9923510551452638,"orthographic":false}