{"cameraMode":{"drawMode":0,"name":"Shaded","section":"Shading Mode"},"sceneLighting":true,"audioPlay":false,"sceneViewState":{"showFog":true,"showMaterialUpdate":false,"showSkybox":true,"showFlares":true,"showImageEffects":true,"showParticleSystems":true},"in2DMode":false,"pivot":{"x":-15.543684959411621,"y":-7.808014392852783,"z":20.243953704833986},"rotation":{"x":-0.22399035096168519,"y":0.006720010656863451,"z":-0.0015447663608938456,"w":-0.9745781421661377},"size":11.328389167785645,"orthographic":false}