{"cameraMode":{"drawMode":0,"name":"Shaded","section":"Shading Mode"},"sceneLighting":true,"audioPlay":false,"sceneViewState":{"showFog":true,"showMaterialUpdate":false,"showSkybox":true,"showFlares":true,"showImageEffects":true,"showParticleSystems":true},"in2DMode":false,"pivot":{"x":-20.609710693359376,"y":-2.575563669204712,"z":6.29703950881958},"rotation":{"x":-0.13941992819309236,"y":0.6094203591346741,"z":-0.10995904356241226,"w":-0.7727144956588745},"size":14.089858055114746,"orthographic":false}