{"cameraMode":{"drawMode":0,"name":"Shaded","section":"Shading Mode"},"sceneLighting":false,"audioPlay":false,"sceneViewState":{"showFog":true,"showMaterialUpdate":false,"showSkybox":false,"showFlares":true,"showImageEffects":true,"showParticleSystems":true},"in2DMode":false,"pivot":{"x":-16.259523391723634,"y":0.795189619064331,"z":1.9588885307312012},"rotation":{"x":-0.17827819287776948,"y":0.36791184544563296,"z":-0.07209815829992295,"w":-0.9097638130187988},"size":1.1320507526397706,"orthographic":false}