{"cameraMode":{"drawMode":0,"name":"Shaded","section":"Shading Mode"},"sceneLighting":true,"audioPlay":false,"sceneViewState":{"showFog":true,"showMaterialUpdate":false,"showSkybox":true,"showFlares":true,"showImageEffects":true,"showParticleSystems":true},"in2DMode":false,"pivot":{"x":-4.535968780517578,"y":-0.9440774917602539,"z":9.946234703063965},"rotation":{"x":0.1647561937570572,"y":-0.7355688810348511,"z":0.19293060898780824,"w":0.6281502842903137},"size":10.0,"orthographic":false}