{"cameraMode":{"drawMode":0,"name":"Shaded","section":"Shading Mode"},"sceneLighting":false,"audioPlay":false,"sceneViewState":{"showFog":true,"showMaterialUpdate":false,"showSkybox":false,"showFlares":true,"showImageEffects":true,"showParticleSystems":true},"in2DMode":false,"pivot":{"x":77.75830841064453,"y":101.76917266845703,"z":77.18379211425781},"rotation":{"x":0.12901954352855683,"y":-0.3439269959926605,"z":0.0477697029709816,"w":0.9289098978042603},"size":1.3945260047912598,"orthographic":false}