{"cameraMode":{"drawMode":0,"name":"Shaded","section":"Shading Mode"},"sceneLighting":true,"audioPlay":false,"sceneViewState":{"showFog":true,"showMaterialUpdate":false,"showSkybox":false,"showFlares":true,"showImageEffects":true,"showParticleSystems":true},"in2DMode":false,"pivot":{"x":-12.979522705078125,"y":0.7951894998550415,"z":14.468889236450196},"rotation":{"x":0.030014198273420335,"y":0.9688372611999512,"z":-0.196200892329216,"w":0.14821037650108338},"size":2.598076105117798,"orthographic":false}