{"cameraMode":{"drawMode":0,"name":"Shaded","section":"Shading Mode"},"sceneLighting":false,"audioPlay":false,"sceneViewState":{"showFog":true,"showMaterialUpdate":false,"showSkybox":false,"showFlares":true,"showImageEffects":true,"showParticleSystems":true},"in2DMode":false,"pivot":{"x":91.8368148803711,"y":101.51091003417969,"z":57.05360412597656},"rotation":{"x":0.15443876385688783,"y":0.3930206298828125,"z":-0.06716269999742508,"w":0.9040173888206482},"size":1.3944902420043946,"orthographic":false}