{"cameraMode":{"drawMode":0,"name":"Shaded","section":"Shading Mode"},"sceneLighting":false,"audioPlay":false,"sceneViewState":{"showFog":true,"showMaterialUpdate":false,"showSkybox":false,"showFlares":true,"showImageEffects":true,"showParticleSystems":true},"in2DMode":false,"pivot":{"x":-6.300366401672363,"y":0.6511565446853638,"z":-10.051136016845704},"rotation":{"x":-0.25762268900871279,"y":0.10579217970371247,"z":-0.026778703555464746,"w":-0.9603816270828247},"size":0.7039949893951416,"orthographic":false}