{"cameraMode":{"drawMode":0,"name":"Shaded","section":"Shading Mode"},"sceneLighting":true,"audioPlay":false,"sceneViewState":{"showFog":true,"showMaterialUpdate":false,"showSkybox":false,"showFlares":true,"showImageEffects":true,"showParticleSystems":true},"in2DMode":false,"pivot":{"x":19.2489013671875,"y":2.980523109436035,"z":4.490730285644531},"rotation":{"x":0.11155383288860321,"y":0.8552609086036682,"z":-0.2066136598587036,"w":0.4620300829410553},"size":4.63052225112915,"orthographic":false}