{"cameraMode":{"drawMode":0,"name":"Shaded","section":"Shading Mode"},"sceneLighting":true,"audioPlay":false,"sceneViewState":{"showFog":true,"showMaterialUpdate":false,"showSkybox":false,"showFlares":true,"showImageEffects":true,"showParticleSystems":true},"in2DMode":false,"pivot":{"x":19.69341278076172,"y":2.980523109436035,"z":-8.196014404296875},"rotation":{"x":0.1476808339357376,"y":0.7368240356445313,"z":-0.17074304819107057,"w":0.6373048424720764},"size":4.634615421295166,"orthographic":false}