{"cameraMode":{"drawMode":0,"name":"Shaded","section":"Shading Mode"},"sceneLighting":true,"audioPlay":false,"sceneViewState":{"showFog":true,"showMaterialUpdate":false,"showSkybox":true,"showFlares":true,"showImageEffects":true,"showParticleSystems":true},"in2DMode":false,"pivot":{"x":-13.57091999053955,"y":-8.136266708374024,"z":28.15889549255371},"rotation":{"x":0.18341279029846192,"y":0.06040984392166138,"z":-0.011292858980596066,"w":0.9811176061630249},"size":18.382083892822267,"orthographic":false}