{"cameraMode":{"drawMode":0,"name":"Shaded","section":"Shading Mode"},"sceneLighting":true,"audioPlay":false,"sceneViewState":{"showFog":true,"showMaterialUpdate":false,"showSkybox":false,"showFlares":true,"showImageEffects":true,"showParticleSystems":true},"in2DMode":false,"pivot":{"x":21.6087646484375,"y":2.9805212020874025,"z":-1.8479619026184083},"rotation":{"x":0.11155383288860321,"y":0.8552609086036682,"z":-0.2066136598587036,"w":0.4620300829410553},"size":4.262259483337402,"orthographic":false}