{"cameraMode":{"drawMode":0,"name":"Shaded","section":"Shading Mode"},"sceneLighting":false,"audioPlay":false,"sceneViewState":{"showFog":true,"showMaterialUpdate":false,"showSkybox":false,"showFlares":true,"showImageEffects":true,"showParticleSystems":true},"in2DMode":false,"pivot":{"x":0.3399413526058197,"y":0.823622465133667,"z":5.835410118103027},"rotation":{"x":-0.17605631053447724,"y":0.796485960483551,"z":-0.2757653295993805,"w":-0.5085011720657349},"size":1.0225944519042969,"orthographic":false}