{"cameraMode":{"drawMode":0,"name":"Shaded","section":"Shading Mode"},"sceneLighting":true,"audioPlay":false,"sceneViewState":{"showFog":true,"showMaterialUpdate":false,"showSkybox":true,"showFlares":true,"showImageEffects":true,"showParticleSystems":true},"in2DMode":false,"pivot":{"x":-16.05156898498535,"y":1.5285742282867432,"z":2.4597456455230715},"rotation":{"x":0.06365220993757248,"y":0.8953906893730164,"z":-0.13587571680545808,"w":0.4193364679813385},"size":0.5320507287979126,"orthographic":false}