{"cameraMode":{"drawMode":0,"name":"Shaded","section":"Shading Mode"},"sceneLighting":true,"audioPlay":false,"sceneViewState":{"showFog":true,"showMaterialUpdate":false,"showSkybox":true,"showFlares":true,"showImageEffects":true,"showParticleSystems":true},"in2DMode":false,"pivot":{"x":0.2646923363208771,"y":0.6267484426498413,"z":5.534907341003418},"rotation":{"x":-0.13197892904281617,"y":0.8491895198822022,"z":-0.25184664130210879,"w":-0.44501474499702456},"size":1.5243351459503174,"orthographic":false}