{"cameraMode":{"drawMode":0,"name":"Shaded","section":"Shading Mode"},"sceneLighting":true,"audioPlay":false,"sceneViewState":{"showFog":true,"showMaterialUpdate":false,"showSkybox":true,"showFlares":true,"showImageEffects":true,"showParticleSystems":true},"in2DMode":false,"pivot":{"x":-12.955981254577637,"y":-4.279735088348389,"z":11.41773509979248},"rotation":{"x":-0.24431245028972627,"y":-0.18824993073940278,"z":0.04840635880827904,"w":-0.9500204920768738},"size":6.9426116943359379,"orthographic":false}