{"cameraMode":{"drawMode":0,"name":"Shaded","section":"Shading Mode"},"sceneLighting":true,"audioPlay":false,"sceneViewState":{"showFog":true,"showMaterialUpdate":false,"showSkybox":true,"showFlares":true,"showImageEffects":true,"showParticleSystems":true},"in2DMode":false,"pivot":{"x":447.7993469238281,"y":154.23635864257813,"z":60.0255126953125},"rotation":{"x":-0.2334863543510437,"y":0.03411879763007164,"z":-0.008198091760277748,"w":-0.971727192401886},"size":370.2297058105469,"orthographic":false}