{"cameraMode":{"drawMode":0,"name":"Shaded","section":"Shading Mode"},"sceneLighting":false,"audioPlay":false,"sceneViewState":{"showFog":true,"showMaterialUpdate":false,"showSkybox":false,"showFlares":true,"showImageEffects":true,"showParticleSystems":true},"in2DMode":false,"pivot":{"x":-0.005143165588378906,"y":2.7705202102661135,"z":7.611549377441406},"rotation":{"x":-0.1658400297164917,"y":-0.7297367453575134,"z":0.19046515226364137,"w":-0.6353880167007446},"size":4.237605094909668,"orthographic":false}