{"cameraMode":{"drawMode":0,"name":"Shaded","section":"Shading Mode"},"sceneLighting":false,"audioPlay":false,"sceneViewState":{"showFog":true,"showMaterialUpdate":false,"showSkybox":false,"showFlares":true,"showImageEffects":true,"showParticleSystems":true},"in2DMode":false,"pivot":{"x":-16.259523391723634,"y":0.7951894998550415,"z":1.9588885307312012},"rotation":{"x":0.01035772543400526,"y":0.9449770450592041,"z":-0.32559019327163699,"w":0.0300613846629858},"size":2.598076105117798,"orthographic":false}