{"cameraMode":{"drawMode":0,"name":"Shaded","section":"Shading Mode"},"sceneLighting":true,"audioPlay":false,"sceneViewState":{"showFog":true,"showMaterialUpdate":false,"showSkybox":true,"showFlares":true,"showImageEffects":true,"showParticleSystems":true},"in2DMode":false,"pivot":{"x":-16.33329200744629,"y":0.2862601578235626,"z":1.0772744417190552},"rotation":{"x":0.01035772543400526,"y":0.9449770450592041,"z":-0.32559019327163699,"w":0.0300613846629858},"size":1.1986851692199708,"orthographic":false}