{"cameraMode":{"drawMode":0,"name":"Shaded","section":"Shading Mode"},"sceneLighting":false,"audioPlay":false,"sceneViewState":{"showFog":true,"showMaterialUpdate":false,"showSkybox":false,"showFlares":true,"showImageEffects":true,"showParticleSystems":true},"in2DMode":false,"pivot":{"x":-11.220065116882325,"y":9.117762565612793,"z":4.0626139640808109},"rotation":{"x":-0.21679963171482087,"y":-0.6216315627098084,"z":0.1848766952753067,"w":-0.7297235131263733},"size":1.8938242197036744,"orthographic":false}