{"cameraMode":{"drawMode":0,"name":"Shaded","section":"Shading Mode"},"sceneLighting":true,"audioPlay":false,"sceneViewState":{"showFog":true,"showMaterialUpdate":false,"showSkybox":true,"showFlares":true,"showImageEffects":true,"showParticleSystems":true},"in2DMode":false,"pivot":{"x":-2.4035067558288576,"y":-4.471080780029297,"z":8.798097610473633},"rotation":{"x":0.14479957520961762,"y":-0.05161406472325325,"z":0.0075651719234883789,"w":0.9880876541137695},"size":9.263992309570313,"orthographic":false}