{"cameraMode":{"drawMode":0,"name":"Shaded","section":"Shading Mode"},"sceneLighting":false,"audioPlay":false,"sceneViewState":{"showFog":true,"showMaterialUpdate":false,"showSkybox":false,"showFlares":true,"showImageEffects":true,"showParticleSystems":true},"in2DMode":false,"pivot":{"x":881.4191284179688,"y":393.75,"z":3.062312602996826},"rotation":{"x":-0.10989665985107422,"y":0.14467725157737733,"z":-0.016171110793948175,"w":-0.9832249283790588},"size":986.3905639648438,"orthographic":false}