{"cameraMode":{"drawMode":0,"name":"Shaded","section":"Shading Mode"},"sceneLighting":true,"audioPlay":false,"sceneViewState":{"showFog":true,"showMaterialUpdate":false,"showSkybox":true,"showFlares":true,"showImageEffects":true,"showParticleSystems":true},"in2DMode":false,"pivot":{"x":14.977460861206055,"y":-7.196165561676025,"z":12.302447319030762},"rotation":{"x":-0.1902058869600296,"y":-0.38896670937538149,"z":0.08242117613554001,"w":-0.8976273536682129},"size":11.925186157226563,"orthographic":false}