{"cameraMode":{"drawMode":0,"name":"Shaded","section":"Shading Mode"},"sceneLighting":false,"audioPlay":false,"sceneViewState":{"showFog":true,"showMaterialUpdate":false,"showSkybox":false,"showFlares":true,"showImageEffects":true,"showParticleSystems":true},"in2DMode":false,"pivot":{"x":-5.0,"y":0.23393335938453675,"z":-7.916067123413086},"rotation":{"x":0.16804714500904084,"y":-0.6571995615959168,"z":0.16047890484333039,"w":0.7179543972015381},"size":2.832401990890503,"orthographic":false}