{"cameraMode":{"drawMode":0,"name":"Shaded","section":"Shading Mode"},"sceneLighting":true,"audioPlay":false,"sceneViewState":{"showFog":true,"showMaterialUpdate":false,"showSkybox":true,"showFlares":true,"showImageEffects":true,"showParticleSystems":true},"in2DMode":false,"pivot":{"x":-21.35284996032715,"y":5.8617706298828129,"z":-75.14964294433594},"rotation":{"x":-0.11232834309339524,"y":-0.8696545362472534,"z":0.23200568556785584,"w":-0.4210326075553894},"size":2.8870913982391359,"orthographic":false}