{"cameraMode":{"drawMode":0,"name":"Shaded","section":"Shading Mode"},"sceneLighting":true,"audioPlay":false,"sceneViewState":{"showFog":true,"showMaterialUpdate":false,"showSkybox":true,"showFlares":true,"showImageEffects":true,"showParticleSystems":true},"in2DMode":false,"pivot":{"x":-53.24490737915039,"y":6.197507858276367,"z":-40.20828628540039},"rotation":{"x":-0.10138067603111267,"y":0.8902478814125061,"z":-0.24265584349632264,"w":-0.3719130754470825},"size":1.4648429155349732,"orthographic":false}