{"cameraMode":{"drawMode":0,"name":"Shaded","section":"Shading Mode"},"sceneLighting":false,"audioPlay":false,"sceneViewState":{"showFog":true,"showMaterialUpdate":false,"showSkybox":false,"showFlares":true,"showImageEffects":true,"showParticleSystems":true},"in2DMode":false,"pivot":{"x":3.8399996757507326,"y":5.514999866485596,"z":2.4000000953674318},"rotation":{"x":0.13431285321712495,"y":0.5816717147827148,"z":-0.09812359511852265,"w":0.7962785959243774},"size":1.0641028881072999,"orthographic":false}