{"cameraMode":{"drawMode":0,"name":"Shaded","section":"Shading Mode"},"sceneLighting":true,"audioPlay":false,"sceneViewState":{"showFog":true,"showMaterialUpdate":false,"showSkybox":true,"showFlares":true,"showImageEffects":true,"showParticleSystems":true},"in2DMode":false,"pivot":{"x":226.77781677246095,"y":21.793535232543947,"z":272.4686279296875},"rotation":{"x":-0.04149998351931572,"y":-0.3993971347808838,"z":-0.018099157139658929,"w":0.9156664609909058},"size":0.983258843421936,"orthographic":false}