{"cameraMode":{"drawMode":0,"name":"Shaded","section":"Shading Mode"},"sceneLighting":false,"audioPlay":false,"sceneViewState":{"showFog":true,"showMaterialUpdate":false,"showSkybox":false,"showFlares":true,"showImageEffects":true,"showParticleSystems":true},"in2DMode":false,"pivot":{"x":3.3490641117095949,"y":4.319704055786133,"z":-2.9779000282287599},"rotation":{"x":-0.3297070860862732,"y":0.3584657311439514,"z":-0.13707363605499268,"w":-0.8626279830932617},"size":1.1050411462783814,"orthographic":false}