{"cameraMode":{"drawMode":0,"name":"Shaded","section":"Shading Mode"},"sceneLighting":false,"audioPlay":false,"sceneViewState":{"showFog":true,"showMaterialUpdate":false,"showSkybox":false,"showFlares":true,"showImageEffects":true,"showParticleSystems":true},"in2DMode":false,"pivot":{"x":-14.179137229919434,"y":1.0026522874832154,"z":2.53739857673645},"rotation":{"x":0.09584590047597885,"y":-0.6597461104393005,"z":0.08537102490663529,"w":0.7405264973640442},"size":8.931241035461426,"orthographic":false}