{"cameraMode":{"drawMode":0,"name":"Shaded","section":"Shading Mode"},"sceneLighting":true,"audioPlay":false,"sceneViewState":{"showFog":true,"showMaterialUpdate":false,"showSkybox":true,"showFlares":true,"showImageEffects":true,"showParticleSystems":true},"in2DMode":false,"pivot":{"x":-10.841511726379395,"y":2.5524203777313234,"z":-82.66165924072266},"rotation":{"x":-0.09214051067829132,"y":-0.8578214049339294,"z":0.16542160511016847,"w":-0.4778085947036743},"size":10.0,"orthographic":false}