{"cameraMode":{"drawMode":0,"name":"Shaded","section":"Shading Mode"},"sceneLighting":true,"audioPlay":false,"sceneViewState":{"showFog":true,"showMaterialUpdate":false,"showSkybox":true,"showFlares":true,"showImageEffects":true,"showParticleSystems":true},"in2DMode":false,"pivot":{"x":225.63519287109376,"y":45.22142791748047,"z":168.99154663085938},"rotation":{"x":0.11489357054233551,"y":0.6477001905441284,"z":0.0996689423918724,"w":-0.7465803027153015},"size":0.983258843421936,"orthographic":false}