{"cameraMode":{"drawMode":0,"name":"Shaded","section":"Shading Mode"},"sceneLighting":true,"audioPlay":false,"sceneViewState":{"showFog":true,"showMaterialUpdate":false,"showSkybox":true,"showFlares":true,"showImageEffects":true,"showParticleSystems":true},"in2DMode":false,"pivot":{"x":39.63408660888672,"y":4.279728889465332,"z":90.26976776123047},"rotation":{"x":-0.1032910943031311,"y":-0.10899559408426285,"z":0.011491543613374234,"w":-0.9886571168899536},"size":0.8599436283111572,"orthographic":false}