{"cameraMode":{"drawMode":0,"name":"Shaded","section":"Shading Mode"},"sceneLighting":false,"audioPlay":false,"sceneViewState":{"showFog":true,"showMaterialUpdate":false,"showSkybox":false,"showFlares":true,"showImageEffects":true,"showParticleSystems":true},"in2DMode":false,"pivot":{"x":3.8399996757507326,"y":5.514999866485596,"z":2.4000000953674318},"rotation":{"x":0.11446034163236618,"y":0.8726933002471924,"z":-0.2463829666376114,"w":0.40588507056236269},"size":3.4641025066375734,"orthographic":false}