{"cameraMode":{"drawMode":0,"name":"Shaded","section":"Shading Mode"},"sceneLighting":true,"audioPlay":false,"sceneViewState":{"showFog":true,"showMaterialUpdate":false,"showSkybox":true,"showFlares":true,"showImageEffects":true,"showParticleSystems":true},"in2DMode":false,"pivot":{"x":-9.572068214416504,"y":-11.661285400390625,"z":7.189964771270752},"rotation":{"x":0.41445377469062807,"y":-0.35988324880599978,"z":0.18286430835723878,"w":0.815692126750946},"size":17.63468360900879,"orthographic":false}