{"cameraMode":{"drawMode":0,"name":"Shaded","section":"Shading Mode"},"sceneLighting":false,"audioPlay":false,"sceneViewState":{"showFog":true,"showMaterialUpdate":false,"showSkybox":false,"showFlares":true,"showImageEffects":true,"showParticleSystems":true},"in2DMode":false,"pivot":{"x":540.6507568359375,"y":178.75,"z":-31.88081169128418},"rotation":{"x":0.11446034163236618,"y":0.8726933002471924,"z":-0.2463829666376114,"w":0.40588507056236269},"size":628.5733642578125,"orthographic":false}