{"cameraMode":{"drawMode":0,"name":"Shaded","section":"Shading Mode"},"sceneLighting":true,"audioPlay":false,"sceneViewState":{"showFog":true,"showMaterialUpdate":false,"showSkybox":true,"showFlares":true,"showImageEffects":true,"showParticleSystems":true},"in2DMode":false,"pivot":{"x":-56.62202453613281,"y":1.6310815811157227,"z":-63.33721923828125},"rotation":{"x":-0.16076336801052094,"y":0.7797676920890808,"z":-0.22257056832313538,"w":-0.5627818703651428},"size":10.0,"orthographic":false}