{"cameraMode":{"drawMode":0,"name":"Shaded","section":"Shading Mode"},"sceneLighting":false,"audioPlay":false,"sceneViewState":{"showFog":true,"showMaterialUpdate":false,"showSkybox":false,"showFlares":true,"showImageEffects":true,"showParticleSystems":true},"in2DMode":false,"pivot":{"x":8.319999694824219,"y":5.761499881744385,"z":-6.360000133514404},"rotation":{"x":0.11446034163236618,"y":0.8726933002471924,"z":-0.2463829666376114,"w":0.40588507056236269},"size":3.730837345123291,"orthographic":false}