{"cameraMode":{"drawMode":0,"name":"Shaded","section":"Shading Mode"},"sceneLighting":false,"audioPlay":false,"sceneViewState":{"showFog":true,"showMaterialUpdate":false,"showSkybox":false,"showFlares":true,"showImageEffects":true,"showParticleSystems":true},"in2DMode":false,"pivot":{"x":-113.90499877929688,"y":6.175000190734863,"z":-106.16100311279297},"rotation":{"x":0.11446034163236618,"y":0.8726933002471924,"z":-0.2463829666376114,"w":0.40588507056236269},"size":6.218060493469238,"orthographic":false}