{"cameraMode":{"drawMode":0,"name":"Shaded","section":"Shading Mode"},"sceneLighting":false,"audioPlay":false,"sceneViewState":{"showFog":true,"showMaterialUpdate":false,"showSkybox":false,"showFlares":true,"showImageEffects":true,"showParticleSystems":true},"in2DMode":false,"pivot":{"x":-10.87485122680664,"y":0.04718652367591858,"z":5.538297653198242},"rotation":{"x":0.20601624250411988,"y":0.7390526533126831,"z":-0.25961077213287356,"w":0.586482048034668},"size":1.2125104665756226,"orthographic":false}