{"cameraMode":{"drawMode":0,"name":"Shaded","section":"Shading Mode"},"sceneLighting":false,"audioPlay":false,"sceneViewState":{"showFog":true,"showMaterialUpdate":false,"showSkybox":false,"showFlares":true,"showImageEffects":true,"showParticleSystems":true},"in2DMode":false,"pivot":{"x":-11.023634910583496,"y":8.049729347229004,"z":-8.439705848693848},"rotation":{"x":-0.24939699470996858,"y":0.3827841281890869,"z":-0.11365708708763123,"w":-0.8833078742027283},"size":0.06997370719909668,"orthographic":false}