{"cameraMode":{"drawMode":0,"name":"Shaded","section":"Shading Mode"},"sceneLighting":false,"audioPlay":false,"sceneViewState":{"showFog":true,"showMaterialUpdate":false,"showSkybox":false,"showFlares":true,"showImageEffects":true,"showParticleSystems":true},"in2DMode":false,"pivot":{"x":0.0,"y":2.1897530555725099,"z":0.000003814697265625},"rotation":{"x":0.11916174739599228,"y":-0.8751936554908752,"z":0.37045079469680788,"w":0.2895163297653198},"size":3.8317325115203859,"orthographic":false}