{"cameraMode":{"drawMode":0,"name":"Shaded","section":"Shading Mode"},"sceneLighting":false,"audioPlay":false,"sceneViewState":{"showFog":true,"showMaterialUpdate":false,"showSkybox":false,"showFlares":true,"showImageEffects":true,"showParticleSystems":true},"in2DMode":false,"pivot":{"x":6.6248273849487309,"y":9.078394889831543,"z":-11.744911193847657},"rotation":{"x":0.06666726619005203,"y":0.05014643445611,"z":-0.0025190082378685476,"w":0.9968155026435852},"size":0.5599441528320313,"orthographic":false}