{"cameraMode":{"drawMode":0,"name":"Shaded","section":"Shading Mode"},"sceneLighting":true,"audioPlay":false,"sceneViewState":{"showFog":true,"showMaterialUpdate":false,"showSkybox":true,"showFlares":true,"showImageEffects":true,"showParticleSystems":true},"in2DMode":false,"pivot":{"x":76.56239318847656,"y":9.027477264404297,"z":101.91889190673828},"rotation":{"x":-0.0446772500872612,"y":-0.9674012064933777,"z":0.17643621563911439,"w":-0.18190599977970124},"size":0.31731873750686648,"orthographic":false}