{"cameraMode":{"drawMode":0,"name":"Shaded","section":"Shading Mode"},"sceneLighting":false,"audioPlay":false,"sceneViewState":{"showFog":true,"showMaterialUpdate":false,"showSkybox":false,"showFlares":true,"showImageEffects":true,"showParticleSystems":true},"in2DMode":false,"pivot":{"x":0.4120502769947052,"y":0.13832059502601624,"z":-0.5190345048904419},"rotation":{"x":-0.12901757657527924,"y":-0.8728415369987488,"z":0.31505998969078066,"w":-0.3508269190788269},"size":0.9327297210693359,"orthographic":false}