{"cameraMode":{"drawMode":0,"name":"Shaded","section":"Shading Mode"},"sceneLighting":false,"audioPlay":false,"sceneViewState":{"showFog":true,"showMaterialUpdate":false,"showSkybox":false,"showFlares":true,"showImageEffects":true,"showParticleSystems":true},"in2DMode":false,"pivot":{"x":0.0000011920928955078126,"y":3.9776272773742677,"z":-0.0000019073486328125},"rotation":{"x":-0.24853283166885377,"y":0.25478237867355349,"z":-0.07271402329206467,"w":-0.9323422908782959},"size":4.48039436340332,"orthographic":false}