{"cameraMode":{"drawMode":0,"name":"Shaded","section":"Shading Mode"},"sceneLighting":true,"audioPlay":false,"sceneViewState":{"showFog":true,"showMaterialUpdate":false,"showSkybox":true,"showFlares":true,"showImageEffects":true,"showParticleSystems":true},"in2DMode":false,"pivot":{"x":28.77140998840332,"y":76.93173217773438,"z":147.1251678466797},"rotation":{"x":0.06868711113929749,"y":-0.9052516222000122,"z":0.16093727946281434,"w":0.38830241560935976},"size":43.30126953125,"orthographic":false}