{"cameraMode":{"drawMode":0,"name":"Shaded","section":"Shading Mode"},"sceneLighting":false,"audioPlay":false,"sceneViewState":{"showFog":true,"showMaterialUpdate":false,"showSkybox":false,"showFlares":true,"showImageEffects":true,"showParticleSystems":true},"in2DMode":false,"pivot":{"x":-12.787500381469727,"y":1.6625003814697266,"z":-12.785472869873047},"rotation":{"x":0.2605266571044922,"y":0.6419890522956848,"z":-0.2494516521692276,"w":0.6765772700309753},"size":11.41397762298584,"orthographic":false}