{"cameraMode":{"drawMode":0,"name":"Shaded","section":"Shading Mode"},"sceneLighting":false,"audioPlay":false,"sceneViewState":{"showFog":true,"showMaterialUpdate":false,"showSkybox":false,"showFlares":true,"showImageEffects":true,"showParticleSystems":true},"in2DMode":false,"pivot":{"x":-10.259593963623047,"y":2.4376959800720217,"z":5.675000190734863},"rotation":{"x":0.2605266571044922,"y":0.6419890522956848,"z":-0.2494516521692276,"w":0.6765772700309753},"size":4.7264404296875,"orthographic":false}