{"cameraMode":{"drawMode":0,"name":"Shaded","section":"Shading Mode"},"sceneLighting":false,"audioPlay":false,"sceneViewState":{"showFog":true,"showMaterialUpdate":false,"showSkybox":false,"showFlares":true,"showImageEffects":true,"showParticleSystems":true},"in2DMode":false,"pivot":{"x":-26.378053665161134,"y":3.705706834793091,"z":3.667418956756592},"rotation":{"x":-0.06704418361186981,"y":-0.5134395360946655,"z":0.03600088506937027,"w":-0.8555586338043213},"size":0.5787762999534607,"orthographic":false}