{"cameraMode":{"drawMode":0,"name":"Shaded","section":"Shading Mode"},"sceneLighting":false,"audioPlay":false,"sceneViewState":{"showFog":true,"showMaterialUpdate":false,"showSkybox":false,"showFlares":true,"showImageEffects":true,"showParticleSystems":true},"in2DMode":false,"pivot":{"x":-8.54699993133545,"y":1.3194475173950196,"z":2.0339999198913576},"rotation":{"x":0.2605266571044922,"y":0.6419890522956848,"z":-0.2494516521692276,"w":0.6765772700309753},"size":0.41357195377349856,"orthographic":false}