{"cameraMode":{"drawMode":0,"name":"Shaded","section":"Shading Mode"},"sceneLighting":true,"audioPlay":false,"sceneViewState":{"showFog":true,"showMaterialUpdate":false,"showSkybox":true,"showFlares":true,"showImageEffects":true,"showParticleSystems":true},"in2DMode":false,"pivot":{"x":-119.41217041015625,"y":10.199978828430176,"z":-97.16100311279297},"rotation":{"x":0.031635038554668429,"y":0.8885535597801209,"z":-0.05169600248336792,"w":0.45649710297584536},"size":0.01731870323419571,"orthographic":false}