{"cameraMode":{"drawMode":0,"name":"Shaded","section":"Shading Mode"},"sceneLighting":false,"audioPlay":false,"sceneViewState":{"showFog":true,"showMaterialUpdate":false,"showSkybox":false,"showFlares":true,"showImageEffects":true,"showParticleSystems":true},"in2DMode":false,"pivot":{"x":0.03395247459411621,"y":1.33879554271698,"z":-0.0022066831588745119},"rotation":{"x":0.03969956934452057,"y":0.9552297592163086,"z":-0.2628951668739319,"w":0.13427288830280305},"size":2.1305010318756105,"orthographic":false}