{"cameraMode":{"drawMode":0,"name":"Shaded","section":"Shading Mode"},"sceneLighting":false,"audioPlay":false,"sceneViewState":{"showFog":true,"showMaterialUpdate":false,"showSkybox":false,"showFlares":true,"showImageEffects":true,"showParticleSystems":true},"in2DMode":false,"pivot":{"x":-0.07103617489337921,"y":0.28899744153022768,"z":0.21314756572246552},"rotation":{"x":0.36947277188301089,"y":0.4266555607318878,"z":-0.1930481493473053,"w":0.8032945394515991},"size":0.9327297210693359,"orthographic":false}