{"cameraMode":{"drawMode":0,"name":"Shaded","section":"Shading Mode"},"sceneLighting":false,"audioPlay":false,"sceneViewState":{"showFog":true,"showMaterialUpdate":false,"showSkybox":false,"showFlares":true,"showImageEffects":true,"showParticleSystems":true},"in2DMode":false,"pivot":{"x":0.267333984375,"y":0.16358566284179688,"z":0.0023345947265625},"rotation":{"x":-0.042996395379304889,"y":-0.8183122277259827,"z":0.06174810603260994,"w":-0.5699424743652344},"size":43.30126953125,"orthographic":false}