{"cameraMode":{"drawMode":0,"name":"Shaded","section":"Shading Mode"},"sceneLighting":false,"audioPlay":false,"sceneViewState":{"showFog":true,"showMaterialUpdate":false,"showSkybox":false,"showFlares":true,"showImageEffects":true,"showParticleSystems":true},"in2DMode":false,"pivot":{"x":0.000013018972822465003,"y":0.000043266703869448975,"z":0.000013378523362916894},"rotation":{"x":0.1413952112197876,"y":-0.8505125045776367,"z":-0.39182108640670779,"w":-0.3240615725517273},"size":0.000017320508050033823,"orthographic":false}