{"cameraMode":{"drawMode":0,"name":"Shaded","section":"Shading Mode"},"sceneLighting":true,"audioPlay":false,"sceneViewState":{"showFog":true,"showMaterialUpdate":false,"showSkybox":true,"showFlares":true,"showImageEffects":true,"showParticleSystems":true},"in2DMode":false,"pivot":{"x":-23.324968338012697,"y":5.676551342010498,"z":-87.12771606445313},"rotation":{"x":-0.007980937138199807,"y":-0.9871489405632019,"z":0.1510225385427475,"w":-0.052460916340351108},"size":4.572613716125488,"orthographic":false}