{"cameraMode":{"drawMode":0,"name":"Shaded","section":"Shading Mode"},"sceneLighting":false,"audioPlay":false,"sceneViewState":{"showFog":true,"showMaterialUpdate":false,"showSkybox":false,"showFlares":true,"showImageEffects":true,"showParticleSystems":true},"in2DMode":false,"pivot":{"x":-8.100001335144043,"y":0.949999988079071,"z":1.274999976158142},"rotation":{"x":0.2605266571044922,"y":0.6419890522956848,"z":-0.2494516521692276,"w":0.6765772700309753},"size":1.0223705768585206,"orthographic":false}