{"cameraMode":{"drawMode":0,"name":"Shaded","section":"Shading Mode"},"sceneLighting":false,"audioPlay":false,"sceneViewState":{"showFog":true,"showMaterialUpdate":false,"showSkybox":false,"showFlares":true,"showImageEffects":true,"showParticleSystems":true},"in2DMode":false,"pivot":{"x":-5.543686389923096,"y":-2.7414145469665529,"z":-9.430584907531739},"rotation":{"x":0.09533698111772537,"y":-0.8842182755470276,"z":0.20172660052776338,"w":0.4103544354438782},"size":11.404526710510254,"orthographic":false}