{"cameraMode":{"drawMode":0,"name":"Shaded","section":"Shading Mode"},"sceneLighting":false,"audioPlay":false,"sceneViewState":{"showFog":true,"showMaterialUpdate":false,"showSkybox":false,"showFlares":true,"showImageEffects":true,"showParticleSystems":true},"in2DMode":false,"pivot":{"x":-16.200000762939454,"y":4.0264692306518559,"z":13.10335922241211},"rotation":{"x":0.20601624250411988,"y":0.7390526533126831,"z":-0.25961077213287356,"w":0.586482048034668},"size":6.698873043060303,"orthographic":false}