{"cameraMode":{"drawMode":0,"name":"Shaded","section":"Shading Mode"},"sceneLighting":false,"audioPlay":false,"sceneViewState":{"showFog":true,"showMaterialUpdate":false,"showSkybox":false,"showFlares":true,"showImageEffects":true,"showParticleSystems":true},"in2DMode":false,"pivot":{"x":-16.733867645263673,"y":7.502599716186523,"z":-76.6224594116211},"rotation":{"x":0.030686702579259874,"y":0.9455997347831726,"z":-0.3133458197116852,"w":0.08835906535387039},"size":6.218064785003662,"orthographic":false}