{"cameraMode":{"drawMode":0,"name":"Shaded","section":"Shading Mode"},"sceneLighting":false,"audioPlay":false,"sceneViewState":{"showFog":true,"showMaterialUpdate":false,"showSkybox":false,"showFlares":true,"showImageEffects":true,"showParticleSystems":true},"in2DMode":false,"pivot":{"x":8.319999694824219,"y":5.761499881744385,"z":-6.360000133514404},"rotation":{"x":0.20930832624435426,"y":0.4780789613723755,"z":-0.11761386692523956,"w":0.8450936079025269},"size":3.730837345123291,"orthographic":false}