{"cameraMode":{"drawMode":0,"name":"Shaded","section":"Shading Mode"},"sceneLighting":true,"audioPlay":false,"sceneViewState":{"showFog":true,"showMaterialUpdate":false,"showSkybox":true,"showFlares":true,"showImageEffects":true,"showParticleSystems":true},"in2DMode":false,"pivot":{"x":-76.73756408691406,"y":28.360918045043947,"z":-34.12714385986328},"rotation":{"x":-0.031741417944431308,"y":0.9687674641609192,"z":-0.187008336186409,"w":-0.1607116162776947},"size":9.550000190734864,"orthographic":false}