{"cameraMode":{"drawMode":0,"name":"Shaded","section":"Shading Mode"},"sceneLighting":false,"audioPlay":false,"sceneViewState":{"showFog":true,"showMaterialUpdate":false,"showSkybox":false,"showFlares":true,"showImageEffects":true,"showParticleSystems":true},"in2DMode":false,"pivot":{"x":0.16459022462368012,"y":0.4560169577598572,"z":0.03886200487613678},"rotation":{"x":-0.22677098214626313,"y":-0.7521260380744934,"z":0.31649065017700198,"w":-0.5324993133544922},"size":0.5409570932388306,"orthographic":false}