{"cameraMode":{"drawMode":0,"name":"Shaded","section":"Shading Mode"},"sceneLighting":false,"audioPlay":false,"sceneViewState":{"showFog":true,"showMaterialUpdate":false,"showSkybox":false,"showFlares":true,"showImageEffects":true,"showParticleSystems":true},"in2DMode":false,"pivot":{"x":5.522160530090332,"y":1.6972911357879639,"z":18.559724807739259},"rotation":{"x":0.2163427323102951,"y":0.21783451735973359,"z":-0.049584466964006427,"w":0.9504492282867432},"size":8.30485725402832,"orthographic":false}