{"cameraMode":{"drawMode":0,"name":"Shaded","section":"Shading Mode"},"sceneLighting":false,"audioPlay":false,"sceneViewState":{"showFog":true,"showMaterialUpdate":false,"showSkybox":false,"showFlares":true,"showImageEffects":true,"showParticleSystems":true},"in2DMode":false,"pivot":{"x":6.582487106323242,"y":12.06229305267334,"z":-15.66334342956543},"rotation":{"x":0.19881084561347962,"y":-0.03441905975341797,"z":0.00785928312689066,"w":0.9797138571739197},"size":0.5599441528320313,"orthographic":false}