{"cameraMode":{"drawMode":0,"name":"Shaded","section":"Shading Mode"},"sceneLighting":false,"audioPlay":false,"sceneViewState":{"showFog":true,"showMaterialUpdate":false,"showSkybox":false,"showFlares":true,"showImageEffects":true,"showParticleSystems":true},"in2DMode":false,"pivot":{"x":12.713643074035645,"y":0.42000001668930056,"z":-15.365236282348633},"rotation":{"x":0.3088265061378479,"y":0.15155094861984254,"z":-0.04923681914806366,"w":0.9378467798233032},"size":0.6215726137161255,"orthographic":false}