{"cameraMode":{"drawMode":0,"name":"Shaded","section":"Shading Mode"},"sceneLighting":false,"audioPlay":false,"sceneViewState":{"showFog":true,"showMaterialUpdate":false,"showSkybox":false,"showFlares":true,"showImageEffects":true,"showParticleSystems":true},"in2DMode":false,"pivot":{"x":-155.14999389648438,"y":6.774999618530273,"z":-85.48999786376953},"rotation":{"x":0.11396860331296921,"y":-0.8233514428138733,"z":0.17913128435611726,"w":0.5266047120094299},"size":3.464101552963257,"orthographic":false}