{"cameraMode":{"drawMode":0,"name":"Shaded","section":"Shading Mode"},"sceneLighting":false,"audioPlay":false,"sceneViewState":{"showFog":true,"showMaterialUpdate":false,"showSkybox":false,"showFlares":true,"showImageEffects":true,"showParticleSystems":true},"in2DMode":false,"pivot":{"x":1.6103206872940064,"y":0.9739999771118164,"z":-13.943999290466309},"rotation":{"x":0.12575021386146546,"y":-0.7584050893783569,"z":0.1543620377779007,"w":0.6208682656288147},"size":1.8263792991638184,"orthographic":false}