{"cameraMode":{"drawMode":0,"name":"Shaded","section":"Shading Mode"},"sceneLighting":false,"audioPlay":false,"sceneViewState":{"showFog":true,"showMaterialUpdate":false,"showSkybox":false,"showFlares":true,"showImageEffects":true,"showParticleSystems":true},"in2DMode":false,"pivot":{"x":-5.369140148162842,"y":0.3642517924308777,"z":-6.704779148101807},"rotation":{"x":0.17964205145835877,"y":-0.7656775712966919,"z":0.24220700562000276,"w":0.5682374238967896},"size":0.6106082797050476,"orthographic":false}