{"cameraMode":{"drawMode":0,"name":"Shaded","section":"Shading Mode"},"sceneLighting":true,"audioPlay":false,"sceneViewState":{"showFog":true,"showMaterialUpdate":false,"showSkybox":true,"showFlares":true,"showImageEffects":true,"showParticleSystems":true},"in2DMode":false,"pivot":{"x":-9.314606666564942,"y":3.214571237564087,"z":15.156455993652344},"rotation":{"x":0.09346485137939453,"y":-0.7939459681510925,"z":0.1263429969549179,"w":0.5873698592185974},"size":5.050751686096191,"orthographic":false}