{"cameraMode":{"drawMode":0,"name":"Shaded","section":"Shading Mode"},"sceneLighting":true,"audioPlay":false,"sceneViewState":{"showFog":true,"showMaterialUpdate":false,"showSkybox":true,"showFlares":true,"showImageEffects":true,"showParticleSystems":true},"in2DMode":false,"pivot":{"x":-1.1481521129608155,"y":-0.5741517543792725,"z":8.948083877563477},"rotation":{"x":-0.13436944782733918,"y":-0.7211834788322449,"z":0.1460975557565689,"w":-0.6637839078903198},"size":4.0641021728515629,"orthographic":false}