{"cameraMode":{"drawMode":0,"name":"Shaded","section":"Shading Mode"},"sceneLighting":true,"audioPlay":false,"sceneViewState":{"showFog":true,"showMaterialUpdate":false,"showSkybox":true,"showFlares":true,"showImageEffects":true,"showParticleSystems":true},"in2DMode":false,"pivot":{"x":27.812301635742189,"y":16.593982696533204,"z":95.28941345214844},"rotation":{"x":0.11037760972976685,"y":-0.8106233477592468,"z":0.16212806105613709,"w":0.5517774820327759},"size":3.575864315032959,"orthographic":false}