{"cameraMode":{"drawMode":0,"name":"Shaded","section":"Shading Mode"},"sceneLighting":true,"audioPlay":false,"sceneViewState":{"showFog":true,"showMaterialUpdate":false,"showSkybox":true,"showFlares":true,"showImageEffects":true,"showParticleSystems":true},"in2DMode":false,"pivot":{"x":-7.240962505340576,"y":7.523950576782227,"z":-73.45446014404297},"rotation":{"x":0.03619541600346565,"y":0.7272194623947144,"z":-0.038425467908382419,"w":0.6844385862350464},"size":10.0,"orthographic":false}